{
    "xsum": {
        "bleu": {
            "bleu": 0.005275340820308947,
            "precisions": [
                0.04199475065616798,
                0.01053324555628703,
                0.002642007926023778,
                0.0006626905235255136
            ],
            "brevity_penalty": 1.0,
            "length_ratio": 14.653846153846153,
            "translation_length": 1524,
            "reference_length": 104
        },
        "rouge": {
            "rouge1": 0.07517940217799965,
            "rouge2": 0.01701271905693272,
            "rougeL": 0.05439991051491753,
            "rougeLsum": 0.05926392448131579
        },
        "meteor": {
            "meteor": 0.15219332295696394
        },
        "bertscore": {
            "precision": [
                0.8085403442382812,
                0.8108229041099548,
                0.8042179346084595,
                0.7983255982398987,
                0.7935541868209839
            ],
            "recall": [
                0.8983466029167175,
                0.889913022518158,
                0.8734227418899536,
                0.8507884740829468,
                0.8817338943481445
            ],
            "f1": [
                0.8510808944702148,
                0.8485289812088013,
                0.8373929858207703,
                0.8237224817276001,
                0.8353233337402344
            ],
            "hashcode": "roberta-large_L17_no-idf_version=0.3.12(hug_trans=4.47.0)"
        },
        "sacrebleu": {
            "score": 0.5275340820308947,
            "counts": [
                64,
                16,
                4,
                1
            ],
            "totals": [
                1524,
                1519,
                1514,
                1509
            ],
            "precisions": [
                4.199475065616798,
                1.0533245556287032,
                0.26420079260237783,
                0.06626905235255136
            ],
            "bp": 1.0,
            "sys_len": 1524,
            "ref_len": 104
        }
    },
    "squad": {
        "bleu": {
            "bleu": 0.0027236604426535875,
            "precisions": [
                0.00878594249201278,
                0.0048115477145148355,
                0.001610305958132045,
                0.0008084074373484236
            ],
            "brevity_penalty": 1.0,
            "length_ratio": 113.81818181818181,
            "translation_length": 1252,
            "reference_length": 11
        },
        "rouge": {
            "rouge1": 0.03828218324148872,
            "rouge2": 0.021464700712821014,
            "rougeL": 0.03820137516068064,
            "rougeLsum": 0.03820137516068064
        },
        "meteor": {
            "meteor": 0.09356272744488305
        },
        "bertscore": {
            "precision": [
                0.7645422220230103,
                0.7656446695327759,
                0.7784649133682251,
                0.7783451080322266,
                0.706043004989624
            ],
            "recall": [
                0.858117938041687,
                0.867555558681488,
                0.9015049934387207,
                0.8755983114242554,
                0.8034891486167908
            ],
            "f1": [
                0.8086318969726562,
                0.8134205341339111,
                0.8354793190956116,
                0.8241124153137207,
                0.7516207695007324
            ],
            "hashcode": "roberta-large_L17_no-idf_version=0.3.12(hug_trans=4.47.0)"
        },
        "sacrebleu": {
            "score": 0.2723660442653587,
            "counts": [
                11,
                6,
                2,
                1
            ],
            "totals": [
                1252,
                1247,
                1242,
                1237
            ],
            "precisions": [
                0.8785942492012779,
                0.48115477145148355,
                0.1610305958132045,
                0.08084074373484236
            ],
            "bp": 1.0,
            "sys_len": 1252,
            "ref_len": 11
        }
    }
}